0,1,2,3,4
R,"{'name': 'Roger Kumble', 'url': '/person/11873-roger-kumble'}","[{'name': 'Josephine Langford', 'url': '/person/1753914-josephine-langford'}, {'name': 'Hero Fiennes Tiffin', 'url': '/person/1114487-hero-fiennes-tiffin'}, {'name': 'Shane Paul McGhie', 'url': '/person/1684130-shane-paul-mcghie'}, {'name': 'Dylan Sprouse', 'url': '/person/95686-dylan-sprouse'}, {'name': 'Samuel Larsen', 'url': '/person/1224112-samuel-larsen'}, {'name': 'Inanna Sarkis', 'url': '/person/1685330-inanna-sarkis'}, {'name': 'Khadijha Red Thunder', 'url': '/person/2161745-khadijha-red-thunder'}, {'name': 'Charlie Weber', 'url': '/person/147404-charlie-weber'}]",-,"[{'type': 'Romance', 'url': '/genre/10749-romance/movie'}, {'type': 'Drama', 'url': '/genre/18-drama/movie'}]"
PG-13,"{'name': 'Christopher Nolan', 'url': '/person/525-christopher-nolan'}","[{'name': 'John David Washington', 'url': '/person/1117313-john-david-washington'}, {'name': 'Robert Pattinson', 'url': '/person/11288-robert-pattinson'}, {'name': 'Elizabeth Debicki', 'url': '/person/1133349-elizabeth-debicki'}, {'name': 'Kenneth Branagh', 'url': '/person/11181-kenneth-branagh'}, {'name': 'Dimple Kapadia', 'url': '/person/78921-dimple-kapadia'}, {'name': 'Himesh Patel', 'url': '/person/1227717-himesh-patel'}, {'name': 'Aaron Taylor-Johnson', 'url': '/person/27428-aaron-taylor-johnson'}, {'name': 'Michael Caine', 'url': '/person/3895-michael-caine'}]","$205,000,000.00","[{'type': 'Action', 'url': '/genre/28-action/movie'}, {'type': 'Thriller', 'url': '/genre/53-thriller/movie'}, {'type': 'Science Fiction', 'url': '/genre/878-science-fiction/movie'}]"
NR,"{'name': 'Brett Pierce', 'url': '/person/2325400-brett-pierce'}","[{'name': 'John-Paul Howard', 'url': '/person/970508-john-paul-howard'}, {'name': 'Piper Curda', 'url': '/person/1308818-piper-curda'}, {'name': 'Jamison Jones', 'url': '/person/64233-jamison-jones'}, {'name': 'Azie Tesfai', 'url': '/person/134238-azie-tesfai'}, {'name': 'Kevin Bigley', 'url': '/person/1032886-kevin-bigley'}, {'name': 'Gabriela Quezada Bloomgarden', 'url': '/person/2325402-gabriela-quezada-bloomgarden'}, {'name': 'Amy Waller', 'url': '/person/2479465-amy-waller'}, {'name': 'Tug Coker', 'url': '/person/205724-tug-coker'}]",-,"[{'type': 'Horror', 'url': '/genre/27-horror/movie'}]"
PG-13,"{'name': 'Aaron Schneider', 'url': '/person/58292-aaron-schneider'}","[{'name': 'Tom Hanks', 'url': '/person/31-tom-hanks'}, {'name': 'Stephen Graham', 'url': '/person/1115-stephen-graham'}, {'name': 'Rob Morgan', 'url': '/person/1281250-rob-morgan'}, {'name': 'Josh Wiggins', 'url': '/person/1279814-josh-wiggins'}, {'name': 'Tom Brittney', 'url': '/person/1626604-tom-brittney'}, {'name': 'Elisabeth Shue', 'url': '/person/1951-elisabeth-shue'}, {'name': 'Will Pullen', 'url': '/person/1560340-will-pullen'}, {'name': 'Manuel Garcia-Rulfo', 'url': '/person/1168097-manuel-garcia-rulfo'}]","$50,300,000.00","[{'type': 'War', 'url': '/genre/10752-war/movie'}, {'type': 'Action', 'url': '/genre/28-action/movie'}, {'type': 'Drama', 'url': '/genre/18-drama/movie'}]"
R,"{'name': 'Gina Prince-Bythewood', 'url': '/person/71947-gina-prince-bythewood'}","[{'name': 'Charlize Theron', 'url': '/person/6885-charlize-theron'}, {'name': 'KiKi Layne', 'url': '/person/1884703-kiki-layne'}, {'name': 'Matthias Schoenaerts', 'url': '/person/73381-matthias-schoenaerts'}, {'name': 'Marwan Kenzari', 'url': '/person/935235-marwan-kenzari'}, {'name': 'Luca Marinelli', 'url': '/person/509344-luca-marinelli'}, {'name': 'Chiwetel Ejiofor', 'url': '/person/5294-chiwetel-ejiofor'}, {'name': 'Harry Melling', 'url': '/person/10982-harry-melling'}, {'name': 'Van Veronica Ngo', 'url': '/person/91378-van-veronica-ngo'}]","$70,000,000.00","[{'type': 'Action', 'url': '/genre/28-action/movie'}, {'type': 'Fantasy', 'url': '/genre/14-fantasy/movie'}]"
PG-13,"{'name': 'Niki Caro', 'url': '/person/15287-niki-caro'}","[{'name': 'Liu Yifei', 'url': '/person/122503-liu-yifei'}, {'name': 'Jet Li', 'url': '/person/1336-jet-li'}, {'name': 'Tzi Ma', 'url': '/person/21629-tzi-ma'}, {'name': 'Donnie Yen', 'url': '/person/1341-donnie-yen'}, {'name': 'Gong Li', 'url': '/person/643-gong-li'}, {'name': 'Jason Scott Lee', 'url': '/person/58319-jason-scott-lee'}, {'name': 'Yoson An', 'url': '/person/1305610-yoson-an'}, {'name': 'Rosalind Chao', 'url': '/person/74073-rosalind-chao'}]","$200,000,000.00","[{'type': 'Action', 'url': '/genre/28-action/movie'}, {'type': 'Adventure', 'url': '/genre/12-adventure/movie'}, {'type': 'Drama', 'url': '/genre/18-drama/movie'}, {'type': 'Fantasy', 'url': '/genre/14-fantasy/movie'}]"
PG,"{'name': 'Matt Lieberman', 'url': '/person/99363-matt-lieberman'}","[{'name': 'Will Forte', 'url': '/person/62831-will-forte'}, {'name': 'Mark Wahlberg', 'url': '/person/13240-mark-wahlberg'}, {'name': 'Jason Isaacs', 'url': '/person/11355-jason-isaacs'}, {'name': 'Gina Rodriguez', 'url': '/person/180486-gina-rodriguez'}, {'name': 'Zac Efron', 'url': '/person/29222-zac-efron'}, {'name': 'Amanda Seyfried', 'url': '/person/71070-amanda-seyfried'}, {'name': 'Kiersey Clemons', 'url': '/person/1253355-kiersey-clemons'}, {'name': 'Ken Jeong', 'url': '/person/83586-ken-jeong'}]",-,"[{'type': 'Family', 'url': '/genre/10751-family/movie'}, {'type': 'Animation', 'url': '/genre/16-animation/movie'}, {'type': 'Comedy', 'url': '/genre/35-comedy/movie'}, {'type': 'Adventure', 'url': '/genre/12-adventure/movie'}]"
TV-14,"{'name': 'Gil Grant', 'url': '/person/1224677-gil-grant'}","[{'name': 'Tia Carrere', 'url': '/person/13445-tia-carrere'}, {'name': 'Christien Anholt', 'url': '/person/29409-christien-anholt'}, {'name': 'Lindy Booth', 'url': '/person/51936-lindy-booth'}, {'name': 'Tanja Reichert', 'url': '/person/68634-tanja-reichert'}, {'name': 'Malin Åkerman', 'url': '/person/50463-malin-akerman'}, {'name': 'Juan Carlos Velis', 'url': '/person/1360969-juan-carlos-velis'}, {'name': 'Louis Mandylor', 'url': '/person/54649-louis-mandylor'}, {'name': 'Carlo Rota', 'url': '/person/54793-carlo-rota'}, {'name': 'Simon MacCorkindale', 'url': '/person/24743-simon-maccorkindale'}]",Scripted,"[{'type': 'Sci-Fi & Fantasy', 'url': '/genre/10765-sci-fi-fantasy/tv'}, {'type': 'Mystery', 'url': '/genre/9648-mystery/tv'}, {'type': 'Action & Adventure', 'url': '/genre/10759-action-adventure/tv'}]"
R,"{'name': 'Leigh Whannell', 'url': '/person/2128-leigh-whannell'}","[{'name': 'Elisabeth Moss', 'url': '/person/32798-elisabeth-moss'}, {'name': 'Aldis Hodge', 'url': '/person/83860-aldis-hodge'}, {'name': 'Storm Reid', 'url': '/person/1344344-storm-reid'}, {'name': 'Michael Dorman', 'url': '/person/76068-michael-dorman'}, {'name': 'Harriet Dyer', 'url': '/person/1539693-harriet-dyer'}, {'name': 'Oliver Jackson-Cohen', 'url': '/person/551020-oliver-jackson-cohen'}, {'name': 'Benedict Hardie', 'url': '/person/1275904-benedict-hardie'}, {'name': 'Zara Michales', 'url': '/person/1673717-zara-michales'}]","$7,000,000.00","[{'type': 'Thriller', 'url': '/genre/53-thriller/movie'}, {'type': 'Science Fiction', 'url': '/genre/878-science-fiction/movie'}, {'type': 'Horror', 'url': '/genre/27-horror/movie'}]"
PG,"{'name': 'Glenn Berger', 'url': '/person/57743-glenn-berger'}","[{'name': 'Anna Kendrick', 'url': '/person/84223-anna-kendrick'}, {'name': 'Justin Timberlake', 'url': '/person/12111-justin-timberlake'}, {'name': 'Ron Funches', 'url': '/person/1260038-ron-funches'}, {'name': 'Rachel Bloom', 'url': '/person/1453801-rachel-bloom'}, {'name': 'James Corden', 'url': '/person/55466-james-corden'}, {'name': 'Kelly Clarkson', 'url': '/person/155488-kelly-clarkson'}, {'name': 'Anderson .Paak', 'url': '/person/1708542-anderson-paak'}, {'name': 'Sam Rockwell', 'url': '/person/6807-sam-rockwell'}]",-,"[{'type': 'Animation', 'url': '/genre/16-animation/movie'}, {'type': 'Family', 'url': '/genre/10751-family/movie'}, {'type': 'Comedy', 'url': '/genre/35-comedy/movie'}, {'type': 'Fantasy', 'url': '/genre/14-fantasy/movie'}, {'type': 'Adventure', 'url': '/genre/12-adventure/movie'}, {'type': 'Music', 'url': '/genre/10402-music/movie'}]"
R,"{'name': 'Rod Lurie', 'url': '/person/21526-rod-lurie'}","[{'name': 'Scott Eastwood', 'url': '/person/928572-scott-eastwood'}, {'name': 'Caleb Landry Jones', 'url': '/person/572541-caleb-landry-jones'}, {'name': 'Orlando Bloom', 'url': '/person/114-orlando-bloom'}, {'name': 'Ernest Cavazos', 'url': '/person/2032852-ernest-cavazos'}, {'name': 'Taylor John Smith', 'url': '/person/1369329-taylor-john-smith'}, {'name': 'Cory Hardrict', 'url': '/person/74302-cory-hardrict'}, {'name': 'Milo Gibson', 'url': '/person/1667883-milo-gibson'}, {'name': 'Bobby Lockwood', 'url': '/person/1253195-bobby-lockwood'}]",-,"[{'type': 'War', 'url': '/genre/10752-war/movie'}, {'type': 'Drama', 'url': '/genre/18-drama/movie'}, {'type': 'History', 'url': '/genre/36-history/movie'}, {'type': 'Action', 'url': '/genre/28-action/movie'}]"
UA,"{'name': 'Ram Gopal Varma', 'url': '/person/76813-ram-gopal-varma'}","[{'name': 'Nandu', 'url': '/person/1071558-nandu'}, {'name': 'Anaika Soti', 'url': '/person/1339549-anaika-soti'}, {'name': 'Krishnudu', 'url': '/person/237250-krishnudu'}, {'name': 'Posani Krishna Murali', 'url': '/person/1163230-posani-krishna-murali'}]",-,"[{'type': 'Romance', 'url': '/genre/10749-romance/movie'}]"
R,"{'name': 'Joe Carnahan', 'url': '/person/40223-joe-carnahan'}","[{'name': 'Will Smith', 'url': '/person/2888-will-smith'}, {'name': 'Martin Lawrence', 'url': '/person/78029-martin-lawrence'}, {'name': 'Paola Nuñez', 'url': '/person/544442-paola-nunez'}, {'name': 'Vanessa Hudgens', 'url': '/person/67599-vanessa-hudgens'}, {'name': 'Alexander Ludwig', 'url': '/person/23498-alexander-ludwig'}, {'name': 'Charles Melton', 'url': '/person/1907002-charles-melton'}, {'name': 'Kate del Castillo', 'url': '/person/36628-kate-del-castillo'}, {'name': 'Nicky Jam', 'url': '/person/1688196-nicky-jam'}]","$90,000,000.00","[{'type': 'Thriller', 'url': '/genre/53-thriller/movie'}, {'type': 'Action', 'url': '/genre/28-action/movie'}, {'type': 'Crime', 'url': '/genre/80-crime/movie'}]"
PG,"{'name': 'Dan Scanlon', 'url': '/person/225976-dan-scanlon'}","[{'name': 'Tom Holland', 'url': '/person/1136406-tom-holland'}, {'name': 'Chris Pratt', 'url': '/person/73457-chris-pratt'}, {'name': 'Julia Louis-Dreyfus', 'url': '/person/15886-julia-louis-dreyfus'}, {'name': 'Octavia Spencer', 'url': '/person/6944-octavia-spencer'}, {'name': 'Mel Rodriguez', 'url': '/person/59675-mel-rodriguez'}, {'name': 'Kyle Bornheimer', 'url': '/person/1215836-kyle-bornheimer'}, {'name': 'Lena Waithe', 'url': '/person/1059572-lena-waithe'}, {'name': 'Ali Wong', 'url': '/person/591835-ali-wong'}]","$200,000,000.00","[{'type': 'Animation', 'url': '/genre/16-animation/movie'}, {'type': 'Family', 'url': '/genre/10751-family/movie'}, {'type': 'Adventure', 'url': '/genre/12-adventure/movie'}, {'type': 'Comedy', 'url': '/genre/35-comedy/movie'}, {'type': 'Fantasy', 'url': '/genre/14-fantasy/movie'}]"
PG,"{'name': 'Autumn de Wilde', 'url': '/person/937147-autumn-de-wilde'}","[{'name': 'Anya Taylor-Joy', 'url': '/person/1397778-anya-taylor-joy'}, {'name': 'Johnny Flynn', 'url': '/person/137108-johnny-flynn'}, {'name': ""Josh O'Connor"", 'url': '/person/1206334-josh-o-connor'}, {'name': 'Callum Turner', 'url': '/person/1371041-callum-turner'}, {'name': 'Mia Goth', 'url': '/person/1137824-mia-goth'}, {'name': 'Miranda Hart', 'url': '/person/62965-miranda-hart'}, {'name': 'Bill Nighy', 'url': '/person/2440-bill-nighy'}, {'name': 'Rupert Graves', 'url': '/person/11278-rupert-graves'}]",-,"[{'type': 'Comedy', 'url': '/genre/35-comedy/movie'}, {'type': 'Drama', 'url': '/genre/18-drama/movie'}, {'type': 'Romance', 'url': '/genre/10749-romance/movie'}]"
R,"{'name': 'Cathy Yan', 'url': '/person/1936668-cathy-yan'}","[{'name': 'Margot Robbie', 'url': '/person/234352-margot-robbie'}, {'name': 'Ewan McGregor', 'url': '/person/3061-ewan-mcgregor'}, {'name': 'Mary Elizabeth Winstead', 'url': '/person/17628-mary-elizabeth-winstead'}, {'name': 'Jurnee Smollett', 'url': '/person/59017-jurnee-smollett'}, {'name': 'Rosie Perez', 'url': '/person/4810-rosie-perez'}, {'name': 'Chris Messina', 'url': '/person/61659-chris-messina'}, {'name': 'Ella Jay Basco', 'url': '/person/2175867-ella-jay-basco'}, {'name': 'Ali Wong', 'url': '/person/591835-ali-wong'}]","$75,000,000.00","[{'type': 'Action', 'url': '/genre/28-action/movie'}, {'type': 'Crime', 'url': '/genre/80-crime/movie'}, {'type': 'Comedy', 'url': '/genre/35-comedy/movie'}]"
PG-13,"{'name': 'Stella Meghie', 'url': '/person/1572145-stella-meghie'}","[{'name': 'Issa Rae', 'url': '/person/1455336-issa-rae'}, {'name': 'Lakeith Stanfield', 'url': '/person/1200864-lakeith-stanfield'}, {'name': 'Chanté Adams', 'url': '/person/1716713-chante-adams'}, {'name': ""Y'lan Noel"", 'url': '/person/1694278-y-lan-noel'}, {'name': 'Kelvin Harrison Jr.', 'url': '/person/1344361-kelvin-harrison-jr'}, {'name': 'Lil Rel Howery', 'url': '/person/1488961-lil-rel-howery'}, {'name': 'Teyonah Parris', 'url': '/person/970219-teyonah-parris'}, {'name': 'Jasmine Cephas Jones', 'url': '/person/1291890-jasmine-cephas-jones'}]",-,"[{'type': 'Drama', 'url': '/genre/18-drama/movie'}, {'type': 'Romance', 'url': '/genre/10749-romance/movie'}]"
PG-13,"{'name': 'William Brent Bell', 'url': '/person/62768-william-brent-bell'}","[{'name': 'Katie Holmes', 'url': '/person/3897-katie-holmes'}, {'name': 'Christopher Convery', 'url': '/person/1960997-christopher-convery'}, {'name': 'Owain Yeoman', 'url': '/person/61527-owain-yeoman'}, {'name': 'Ralph Ineson', 'url': '/person/202032-ralph-ineson'}, {'name': 'Anjali Jay', 'url': '/person/87816-anjali-jay'}, {'name': 'Oliver Rice', 'url': '/person/1368508-oliver-rice'}, {'name': 'Joely Collins', 'url': '/person/173362-joely-collins'}, {'name': 'Natalie Moon', 'url': '/person/1451352-natalie-moon'}]","$10,000,000.00","[{'type': 'Horror', 'url': '/genre/27-horror/movie'}, {'type': 'Mystery', 'url': '/genre/9648-mystery/movie'}, {'type': 'Thriller', 'url': '/genre/53-thriller/movie'}]"
PG-13,"{'name': 'Jake Kasdan', 'url': '/person/51851-jake-kasdan'}","[{'name': 'Dwayne Johnson', 'url': '/person/18918-dwayne-johnson'}, {'name': 'Kevin Hart', 'url': '/person/55638-kevin-hart'}, {'name': 'Jack Black', 'url': '/person/70851-jack-black'}, {'name': 'Karen Gillan', 'url': '/person/543261-karen-gillan'}, {'name': 'Awkwafina', 'url': '/person/1625558-awkwafina'}, {'name': 'Nick Jonas', 'url': '/person/130565-nick-jonas'}, {'name': 'Alex Wolff', 'url': '/person/934281-alex-wolff'}, {'name': 'Morgan Turner', 'url': '/person/1188567-morgan-turner'}]","$125,000,000.00","[{'type': 'Adventure', 'url': '/genre/12-adventure/movie'}, {'type': 'Comedy', 'url': '/genre/35-comedy/movie'}, {'type': 'Fantasy', 'url': '/genre/14-fantasy/movie'}]"
R,"{'name': 'Sam Mendes', 'url': '/person/39-sam-mendes'}","[{'name': 'George MacKay', 'url': '/person/146750-george-mackay'}, {'name': 'Dean-Charles Chapman', 'url': '/person/1332971-dean-charles-chapman'}, {'name': 'Mark Strong', 'url': '/person/2983-mark-strong'}, {'name': 'Andrew Scott', 'url': '/person/125660-andrew-scott'}, {'name': 'Richard Madden', 'url': '/person/512991-richard-madden'}, {'name': 'Claire Duburcq', 'url': '/person/2385743-claire-duburcq'}, {'name': 'Colin Firth', 'url': '/person/5472-colin-firth'}, {'name': 'Benedict Cumberbatch', 'url': '/person/71580-benedict-cumberbatch'}]","$100,000,000.00","[{'type': 'War', 'url': '/genre/10752-war/movie'}, {'type': 'Drama', 'url': '/genre/18-drama/movie'}, {'type': 'Action', 'url': '/genre/28-action/movie'}, {'type': 'History', 'url': '/genre/36-history/movie'}]"
PG-13,"{'name': 'J.J. Abrams', 'url': '/person/15344-j-j-abrams'}","[{'name': 'Carrie Fisher', 'url': '/person/4-carrie-fisher'}, {'name': 'Mark Hamill', 'url': '/person/2-mark-hamill'}, {'name': 'Daisy Ridley', 'url': '/person/1315036-daisy-ridley'}, {'name': 'Adam Driver', 'url': '/person/1023139-adam-driver'}, {'name': 'John Boyega', 'url': '/person/236695-john-boyega'}, {'name': 'Oscar Isaac', 'url': '/person/25072-oscar-isaac'}, {'name': 'Anthony Daniels', 'url': '/person/6-anthony-daniels'}, {'name': 'Naomi Ackie', 'url': '/person/1537686-naomi-ackie'}]","$250,000,000.00","[{'type': 'Action', 'url': '/genre/28-action/movie'}, {'type': 'Adventure', 'url': '/genre/12-adventure/movie'}, {'type': 'Science Fiction', 'url': '/genre/878-science-fiction/movie'}]"
PG-13,"{'name': 'Rian Johnson', 'url': '/person/67367-rian-johnson'}","[{'name': 'Daniel Craig', 'url': '/person/8784-daniel-craig'}, {'name': 'Chris Evans', 'url': '/person/16828-chris-evans'}, {'name': 'Ana de Armas', 'url': '/person/224513-ana-de-armas'}, {'name': 'Jamie Lee Curtis', 'url': '/person/8944-jamie-lee-curtis'}, {'name': 'Michael Shannon', 'url': '/person/335-michael-shannon'}, {'name': 'Don Johnson', 'url': '/person/25129-don-johnson'}, {'name': 'Toni Collette', 'url': '/person/3051-toni-collette'}, {'name': 'Lakeith Stanfield', 'url': '/person/1200864-lakeith-stanfield'}]","$40,000,000.00","[{'type': 'Mystery', 'url': '/genre/9648-mystery/movie'}, {'type': 'Thriller', 'url': '/genre/53-thriller/movie'}, {'type': 'Comedy', 'url': '/genre/35-comedy/movie'}, {'type': 'Drama', 'url': '/genre/18-drama/movie'}, {'type': 'Crime', 'url': '/genre/80-crime/movie'}]"
PG,"{'name': 'Jennifer Lee', 'url': '/person/1120694-jennifer-lee'}","[{'name': 'Kristen Bell', 'url': '/person/40462-kristen-bell'}, {'name': 'Idina Menzel', 'url': '/person/19394-idina-menzel'}, {'name': 'Josh Gad', 'url': '/person/54415-josh-gad'}, {'name': 'Jonathan Groff', 'url': '/person/221611-jonathan-groff'}, {'name': 'Sterling K. Brown', 'url': '/person/1225953-sterling-k-brown'}, {'name': 'Evan Rachel Wood', 'url': '/person/38940-evan-rachel-wood'}, {'name': 'Alfred Molina', 'url': '/person/658-alfred-molina'}, {'name': 'Martha Plimpton', 'url': '/person/17495-martha-plimpton'}]","$150,000,000.00","[{'type': 'Animation', 'url': '/genre/16-animation/movie'}, {'type': 'Family', 'url': '/genre/10751-family/movie'}, {'type': 'Adventure', 'url': '/genre/12-adventure/movie'}, {'type': 'Comedy', 'url': '/genre/35-comedy/movie'}, {'type': 'Fantasy', 'url': '/genre/14-fantasy/movie'}, {'type': 'Music', 'url': '/genre/10402-music/movie'}]"
PG-13,"{'name': 'James Mangold', 'url': '/person/366-james-mangold'}","[{'name': 'Christian Bale', 'url': '/person/3894-christian-bale'}, {'name': 'Matt Damon', 'url': '/person/1892-matt-damon'}, {'name': 'Caitriona Balfe', 'url': '/person/147056-caitriona-balfe'}, {'name': 'Josh Lucas', 'url': '/person/6164-josh-lucas'}, {'name': 'Noah Jupe', 'url': '/person/1590759-noah-jupe'}, {'name': 'Jon Bernthal', 'url': '/person/19498-jon-bernthal'}, {'name': 'Tracy Letts', 'url': '/person/72638-tracy-letts'}, {'name': 'Remo Girone', 'url': '/person/41527-remo-girone'}]","$97,600,000.00","[{'type': 'Drama', 'url': '/genre/18-drama/movie'}, {'type': 'History', 'url': '/genre/36-history/movie'}]"
PG-13,"{'name': 'Ryan Fleck', 'url': '/person/53068-ryan-fleck'}","[{'name': 'Brie Larson', 'url': '/person/60073-brie-larson'}, {'name': 'Samuel L. Jackson', 'url': '/person/2231-samuel-l-jackson'}, {'name': 'Ben Mendelsohn', 'url': '/person/77335-ben-mendelsohn'}, {'name': 'Jude Law', 'url': '/person/9642-jude-law'}, {'name': 'Annette Bening', 'url': '/person/516-annette-bening'}, {'name': 'Djimon Hounsou', 'url': '/person/938-djimon-hounsou'}, {'name': 'Lee Pace', 'url': '/person/72095-lee-pace'}, {'name': 'Lashana Lynch', 'url': '/person/1360281-lashana-lynch'}]","$152,000,000.00","[{'type': 'Action', 'url': '/genre/28-action/movie'}, {'type': 'Adventure', 'url': '/genre/12-adventure/movie'}, {'type': 'Science Fiction', 'url': '/genre/878-science-fiction/movie'}]"
PG,"{'name': 'Guy Ritchie', 'url': '/person/956-guy-ritchie'}","[{'name': 'Mena Massoud', 'url': '/person/1515478-mena-massoud'}, {'name': 'Naomi Scott', 'url': '/person/240724-naomi-scott'}, {'name': 'Will Smith', 'url': '/person/2888-will-smith'}, {'name': 'Marwan Kenzari', 'url': '/person/935235-marwan-kenzari'}, {'name': 'Navid Negahban', 'url': '/person/103330-navid-negahban'}, {'name': 'Nasim Pedrad', 'url': '/person/476163-nasim-pedrad'}, {'name': 'Billy Magnussen', 'url': '/person/141034-billy-magnussen'}, {'name': 'Numan Acar', 'url': '/person/35434-numan-acar'}]","$183,000,000.00","[{'type': 'Adventure', 'url': '/genre/12-adventure/movie'}, {'type': 'Fantasy', 'url': '/genre/14-fantasy/movie'}, {'type': 'Romance', 'url': '/genre/10749-romance/movie'}, {'type': 'Family', 'url': '/genre/10751-family/movie'}]"
PG-13,"{'name': 'Joe Russo', 'url': '/person/19272-joe-russo'}","[{'name': 'Robert Downey Jr.', 'url': '/person/3223-robert-downey-jr'}, {'name': 'Chris Evans', 'url': '/person/16828-chris-evans'}, {'name': 'Mark Ruffalo', 'url': '/person/103-mark-ruffalo'}, {'name': 'Chris Hemsworth', 'url': '/person/74568-chris-hemsworth'}, {'name': 'Scarlett Johansson', 'url': '/person/1245-scarlett-johansson'}, {'name': 'Jeremy Renner', 'url': '/person/17604-jeremy-renner'}, {'name': 'Don Cheadle', 'url': '/person/1896-don-cheadle'}, {'name': 'Paul Rudd', 'url': '/person/22226-paul-rudd'}]","$356,000,000.00","[{'type': 'Adventure', 'url': '/genre/12-adventure/movie'}, {'type': 'Science Fiction', 'url': '/genre/878-science-fiction/movie'}, {'type': 'Action', 'url': '/genre/28-action/movie'}]"
PG-13,"{'name': 'Bragi Schut', 'url': '/person/143550-bragi-schut'}","[{'name': 'Taylor Russell', 'url': '/person/1353827-taylor-russell'}, {'name': 'Logan Miller', 'url': '/person/116088-logan-miller'}, {'name': 'Deborah Ann Woll', 'url': '/person/212154-deborah-ann-woll'}, {'name': 'Tyler Labine', 'url': '/person/51383-tyler-labine'}, {'name': 'Nik Dodani', 'url': '/person/1466581-nik-dodani'}, {'name': 'Jay Ellis', 'url': '/person/151680-jay-ellis'}, {'name': 'Yorick van Wageningen', 'url': '/person/31387-yorick-van-wageningen'}, {'name': 'Cornelius Geaney Jr.', 'url': '/person/1573781-cornelius-geaney-jr'}]","$9,000,000.00","[{'type': 'Thriller', 'url': '/genre/53-thriller/movie'}, {'type': 'Action', 'url': '/genre/28-action/movie'}, {'type': 'Mystery', 'url': '/genre/9648-mystery/movie'}, {'type': 'Horror', 'url': '/genre/27-horror/movie'}]"
PG-13,"{'name': 'Michael Dougherty', 'url': '/person/11012-michael-dougherty'}","[{'name': 'Kyle Chandler', 'url': '/person/3497-kyle-chandler'}, {'name': 'Vera Farmiga', 'url': '/person/21657-vera-farmiga'}, {'name': 'Millie Bobby Brown', 'url': '/person/1356210-millie-bobby-brown'}, {'name': 'Ken Watanabe', 'url': '/person/3899-ken-watanabe'}, {'name': 'Zhang Ziyi', 'url': '/person/1339-zhang-ziyi'}, {'name': 'Bradley Whitford', 'url': '/person/11367-bradley-whitford'}, {'name': 'Sally Hawkins', 'url': '/person/39658-sally-hawkins'}, {'name': 'Charles Dance', 'url': '/person/4391-charles-dance'}]","$170,000,000.00","[{'type': 'Science Fiction', 'url': '/genre/878-science-fiction/movie'}, {'type': 'Action', 'url': '/genre/28-action/movie'}]"
PG,"{'name': 'Troy Quane', 'url': '/person/587699-troy-quane'}","[{'name': 'Will Smith', 'url': '/person/2888-will-smith'}, {'name': 'Tom Holland', 'url': '/person/1136406-tom-holland'}, {'name': 'Rachel Brosnahan', 'url': '/person/993774-rachel-brosnahan'}, {'name': 'Toru Uchikado', 'url': '/person/2185973-toru-uchikado'}, {'name': 'Reba McEntire', 'url': '/person/21986-reba-mcentire'}, {'name': 'Mark Ronson', 'url': '/person/77071-mark-ronson'}, {'name': 'Masi Oka', 'url': '/person/17273-masi-oka'}, {'name': 'Toshiya Agata', 'url': '/person/552266-toshiya-agata'}]","$100,000,000.00","[{'type': 'Animation', 'url': '/genre/16-animation/movie'}, {'type': 'Action', 'url': '/genre/28-action/movie'}, {'type': 'Adventure', 'url': '/genre/12-adventure/movie'}, {'type': 'Comedy', 'url': '/genre/35-comedy/movie'}]"
PG,"{'name': 'Rob Letterman', 'url': '/person/65630-rob-letterman'}","[{'name': 'Ryan Reynolds', 'url': '/person/10859-ryan-reynolds'}, {'name': 'Justice Smith', 'url': '/person/1029934-justice-smith'}, {'name': 'Kathryn Newton', 'url': '/person/221192-kathryn-newton'}, {'name': 'Suki Waterhouse', 'url': '/person/1325961-suki-waterhouse'}, {'name': 'Omar Chaparro', 'url': '/person/1134885-omar-chaparro'}, {'name': 'Chris Geere', 'url': '/person/62879-chris-geere'}, {'name': 'Ken Watanabe', 'url': '/person/3899-ken-watanabe'}, {'name': 'Bill Nighy', 'url': '/person/2440-bill-nighy'}]","$150,000,000.00","[{'type': 'Action', 'url': '/genre/28-action/movie'}, {'type': 'Adventure', 'url': '/genre/12-adventure/movie'}, {'type': 'Fantasy', 'url': '/genre/14-fantasy/movie'}]"
PG-13,"{'name': 'David Michelinie', 'url': '/person/1195200-david-michelinie'}","[{'name': 'Tom Hardy', 'url': '/person/2524-tom-hardy'}, {'name': 'Michelle Williams', 'url': '/person/1812-michelle-williams'}, {'name': 'Riz Ahmed', 'url': '/person/53240-riz-ahmed'}, {'name': 'Scott Haze', 'url': '/person/87954-scott-haze'}, {'name': 'Reid Scott', 'url': '/person/81316-reid-scott'}, {'name': 'Jenny Slate', 'url': '/person/213001-jenny-slate'}, {'name': 'Melora Walters', 'url': '/person/4766-melora-walters'}, {'name': 'Woody Harrelson', 'url': '/person/57755-woody-harrelson'}]","$116,000,000.00","[{'type': 'Science Fiction', 'url': '/genre/878-science-fiction/movie'}, {'type': 'Action', 'url': '/genre/28-action/movie'}]"
PG,"{'name': 'Linda Woolverton', 'url': '/person/38792-linda-woolverton'}","[{'name': 'Angelina Jolie', 'url': '/person/11701-angelina-jolie'}, {'name': 'Elle Fanning', 'url': '/person/18050-elle-fanning'}, {'name': 'Harris Dickinson', 'url': '/person/1716493-harris-dickinson'}, {'name': 'Michelle Pfeiffer', 'url': '/person/1160-michelle-pfeiffer'}, {'name': 'Sam Riley', 'url': '/person/32987-sam-riley'}, {'name': 'Chiwetel Ejiofor', 'url': '/person/5294-chiwetel-ejiofor'}, {'name': 'Ed Skrein', 'url': '/person/1047649-ed-skrein'}, {'name': 'Robert Lindsay', 'url': '/person/71450-robert-lindsay'}]","$185,000,000.00","[{'type': 'Fantasy', 'url': '/genre/14-fantasy/movie'}, {'type': 'Family', 'url': '/genre/10751-family/movie'}, {'type': 'Adventure', 'url': '/genre/12-adventure/movie'}]"
R,"{'name': 'Luca Guadagnino', 'url': '/person/78160-luca-guadagnino'}","[{'name': 'Armie Hammer', 'url': '/person/53807-armie-hammer'}, {'name': 'Timothée Chalamet', 'url': '/person/1190668-timothee-chalamet'}, {'name': 'Michael Stuhlbarg', 'url': '/person/72873-michael-stuhlbarg'}, {'name': 'Amira Casar', 'url': '/person/20577-amira-casar'}, {'name': 'Esther Garrel', 'url': '/person/935096-esther-garrel'}, {'name': 'Victoire Du Bois', 'url': '/person/1592949-victoire-du-bois'}, {'name': 'Vanda Capriolo', 'url': '/person/1789600-vanda-capriolo'}, {'name': 'Antonio Rimoldi', 'url': '/person/1789602-antonio-rimoldi'}]","$4,000,000.00","[{'type': 'Romance', 'url': '/genre/10749-romance/movie'}, {'type': 'Drama', 'url': '/genre/18-drama/movie'}]"
R,"{'name': 'Sam Taylor-Johnson', 'url': '/person/1137903-sam-taylor-johnson'}","[{'name': 'Dakota Johnson', 'url': '/person/118545-dakota-johnson'}, {'name': 'Jamie Dornan', 'url': '/person/1254583-jamie-dornan'}, {'name': 'Jennifer Ehle', 'url': '/person/49971-jennifer-ehle'}, {'name': 'Eloise Mumford', 'url': '/person/222130-eloise-mumford'}, {'name': 'Victor Rasuk', 'url': '/person/59251-victor-rasuk'}, {'name': 'Luke Grimes', 'url': '/person/56680-luke-grimes'}, {'name': 'Marcia Gay Harden', 'url': '/person/4726-marcia-gay-harden'}, {'name': 'Rita Ora', 'url': '/person/1089873-rita-ora'}]","$4,000,000.00","[{'type': 'Drama', 'url': '/genre/18-drama/movie'}, {'type': 'Romance', 'url': '/genre/10749-romance/movie'}, {'type': 'Thriller', 'url': '/genre/53-thriller/movie'}]"
R,"{'name': 'Todd Phillips', 'url': '/person/57130-todd-phillips'}","[{'name': 'Joaquin Phoenix', 'url': '/person/73421-joaquin-phoenix'}, {'name': 'Robert De Niro', 'url': '/person/380-robert-de-niro'}, {'name': 'Zazie Beetz', 'url': '/person/1545693-zazie-beetz'}, {'name': 'Frances Conroy', 'url': '/person/4432-frances-conroy'}, {'name': 'Brett Cullen', 'url': '/person/16841-brett-cullen'}, {'name': 'Shea Whigham', 'url': '/person/74242-shea-whigham'}, {'name': 'Bill Camp', 'url': '/person/121718-bill-camp'}, {'name': 'Glenn Fleshler', 'url': '/person/1377670-glenn-fleshler'}]","$55,000,000.00","[{'type': 'Crime', 'url': '/genre/80-crime/movie'}, {'type': 'Thriller', 'url': '/genre/53-thriller/movie'}, {'type': 'Drama', 'url': '/genre/18-drama/movie'}]"
PG,"{'name': 'Irene Mecchi', 'url': '/person/56041-irene-mecchi'}","[{'name': 'Chiwetel Ejiofor', 'url': '/person/5294-chiwetel-ejiofor'}, {'name': 'John Oliver', 'url': '/person/84292-john-oliver'}, {'name': 'James Earl Jones', 'url': '/person/15152-james-earl-jones'}, {'name': 'John Kani', 'url': '/person/51878-john-kani'}, {'name': 'Alfre Woodard', 'url': '/person/1981-alfre-woodard'}, {'name': 'JD McCrary', 'url': '/person/1828695-jd-mccrary'}, {'name': 'Shahadi Wright Joseph', 'url': '/person/1915962-shahadi-wright-joseph'}, {'name': 'Penny Johnson', 'url': '/person/1218219-penny-johnson'}]","$260,000,000.00","[{'type': 'Adventure', 'url': '/genre/12-adventure/movie'}, {'type': 'Family', 'url': '/genre/10751-family/movie'}, {'type': 'Music', 'url': '/genre/10402-music/movie'}]"
PG,"{'name': 'Hirokazu Yasuhara', 'url': '/person/2584676-hirokazu-yasuhara'}","[{'name': 'Ben Schwartz', 'url': '/person/222121-ben-schwartz'}, {'name': 'James Marsden', 'url': '/person/11006-james-marsden'}, {'name': 'Jim Carrey', 'url': '/person/206-jim-carrey'}, {'name': 'Tika Sumpter', 'url': '/person/110742-tika-sumpter'}, {'name': 'Natasha Rothwell', 'url': '/person/1546282-natasha-rothwell'}, {'name': 'Adam Pally', 'url': '/person/115974-adam-pally'}, {'name': 'Lee Majdoub', 'url': '/person/208677-lee-majdoub'}, {'name': 'Neal McDonough', 'url': '/person/2203-neal-mcdonough'}]","$85,000,000.00","[{'type': 'Action', 'url': '/genre/28-action/movie'}, {'type': 'Science Fiction', 'url': '/genre/878-science-fiction/movie'}, {'type': 'Comedy', 'url': '/genre/35-comedy/movie'}, {'type': 'Family', 'url': '/genre/10751-family/movie'}]"
PG-13,"{'name': 'Taika Waititi', 'url': '/person/55934-taika-waititi'}","[{'name': 'Chris Hemsworth', 'url': '/person/74568-chris-hemsworth'}, {'name': 'Tom Hiddleston', 'url': '/person/91606-tom-hiddleston'}, {'name': 'Cate Blanchett', 'url': '/person/112-cate-blanchett'}, {'name': 'Tessa Thompson', 'url': '/person/62561-tessa-thompson'}, {'name': 'Jeff Goldblum', 'url': '/person/4785-jeff-goldblum'}, {'name': 'Idris Elba', 'url': '/person/17605-idris-elba'}, {'name': 'Karl Urban', 'url': '/person/1372-karl-urban'}, {'name': 'Mark Ruffalo', 'url': '/person/103-mark-ruffalo'}]","$180,000,000.00","[{'type': 'Action', 'url': '/genre/28-action/movie'}, {'type': 'Adventure', 'url': '/genre/12-adventure/movie'}, {'type': 'Comedy', 'url': '/genre/35-comedy/movie'}, {'type': 'Fantasy', 'url': '/genre/14-fantasy/movie'}]"
R,"{'name': 'Jacob Aaron Estes', 'url': '/person/72034-jacob-aaron-estes'}","[{'name': 'David Oyelowo', 'url': '/person/35013-david-oyelowo'}, {'name': 'Storm Reid', 'url': '/person/1344344-storm-reid'}, {'name': 'Mykelti Williamson', 'url': '/person/34-mykelti-williamson'}, {'name': 'Alfred Molina', 'url': '/person/658-alfred-molina'}, {'name': 'Brian Tyree Henry', 'url': '/person/226366-brian-tyree-henry'}, {'name': 'Shinelle Azoroh', 'url': '/person/1147108-shinelle-azoroh'}, {'name': 'Byron Mann', 'url': '/person/57748-byron-mann'}, {'name': 'Omar Leyva', 'url': '/person/205349-omar-leyva'}]",-,"[{'type': 'Science Fiction', 'url': '/genre/878-science-fiction/movie'}, {'type': 'Thriller', 'url': '/genre/53-thriller/movie'}, {'type': 'Mystery', 'url': '/genre/9648-mystery/movie'}, {'type': 'Crime', 'url': '/genre/80-crime/movie'}]"
PG-13,"{'name': 'Darren Lemke', 'url': '/person/582919-darren-lemke'}","[{'name': 'Will Smith', 'url': '/person/2888-will-smith'}, {'name': 'Mary Elizabeth Winstead', 'url': '/person/17628-mary-elizabeth-winstead'}, {'name': 'Clive Owen', 'url': '/person/2296-clive-owen'}, {'name': 'Benedict Wong', 'url': '/person/30082-benedict-wong'}, {'name': 'Douglas Hodge', 'url': '/person/80149-douglas-hodge'}, {'name': 'Ralph Brown', 'url': '/person/53916-ralph-brown'}, {'name': 'Linda Emond', 'url': '/person/58643-linda-emond'}, {'name': 'Ilia Volok', 'url': '/person/109667-ilia-volok'}]","$138,000,000.00","[{'type': 'Action', 'url': '/genre/28-action/movie'}, {'type': 'Drama', 'url': '/genre/18-drama/movie'}, {'type': 'Science Fiction', 'url': '/genre/878-science-fiction/movie'}, {'type': 'Thriller', 'url': '/genre/53-thriller/movie'}]"
G,"{'name': 'Josh Cooley', 'url': '/person/84496-josh-cooley'}","[{'name': 'Tom Hanks', 'url': '/person/31-tom-hanks'}, {'name': 'Tim Allen', 'url': '/person/12898-tim-allen'}, {'name': 'Annie Potts', 'url': '/person/8873-annie-potts'}, {'name': 'Tony Hale', 'url': '/person/25147-tony-hale'}, {'name': 'Keegan-Michael Key', 'url': '/person/298410-keegan-michael-key'}, {'name': 'Madeleine McGraw', 'url': '/person/1530558-madeleine-mcgraw'}, {'name': 'Christina Hendricks', 'url': '/person/110014-christina-hendricks'}, {'name': 'Jordan Peele', 'url': '/person/291263-jordan-peele'}]","$175,000,000.00","[{'type': 'Adventure', 'url': '/genre/12-adventure/movie'}, {'type': 'Animation', 'url': '/genre/16-animation/movie'}, {'type': 'Comedy', 'url': '/genre/35-comedy/movie'}, {'type': 'Family', 'url': '/genre/10751-family/movie'}, {'type': 'Fantasy', 'url': '/genre/14-fantasy/movie'}]"
R,"{'name': 'Fabian Nicieza', 'url': '/person/1222480-fabian-nicieza'}","[{'name': 'Ryan Reynolds', 'url': '/person/10859-ryan-reynolds'}, {'name': 'Josh Brolin', 'url': '/person/16851-josh-brolin'}, {'name': 'Morena Baccarin', 'url': '/person/54882-morena-baccarin'}, {'name': 'Julian Dennison', 'url': '/person/1139349-julian-dennison'}, {'name': 'Zazie Beetz', 'url': '/person/1545693-zazie-beetz'}, {'name': 'T. J. Miller', 'url': '/person/51990-t-j-miller'}, {'name': 'Leslie Uggams', 'url': '/person/122750-leslie-uggams'}, {'name': 'Karan Soni', 'url': '/person/1109702-karan-soni'}]","$110,000,000.00","[{'type': 'Action', 'url': '/genre/28-action/movie'}, {'type': 'Comedy', 'url': '/genre/35-comedy/movie'}, {'type': 'Adventure', 'url': '/genre/12-adventure/movie'}]"
PG-13,"{'name': 'Jon Watts', 'url': '/person/1293994-jon-watts'}","[{'name': 'Tom Holland', 'url': '/person/1136406-tom-holland'}, {'name': 'Samuel L. Jackson', 'url': '/person/2231-samuel-l-jackson'}, {'name': 'Jake Gyllenhaal', 'url': '/person/131-jake-gyllenhaal'}, {'name': 'Marisa Tomei', 'url': '/person/3141-marisa-tomei'}, {'name': 'Jon Favreau', 'url': '/person/15277-jon-favreau'}, {'name': 'Zendaya', 'url': '/person/505710-zendaya'}, {'name': 'Jacob Batalon', 'url': '/person/1649152-jacob-batalon'}, {'name': 'Tony Revolori', 'url': '/person/1291350-tony-revolori'}]","$160,000,000.00","[{'type': 'Action', 'url': '/genre/28-action/movie'}, {'type': 'Adventure', 'url': '/genre/12-adventure/movie'}, {'type': 'Science Fiction', 'url': '/genre/878-science-fiction/movie'}]"
R,"{'name': 'Andy Muschietti', 'url': '/person/1113116-andy-muschietti'}","[{'name': 'Bill Skarsgård', 'url': '/person/137905-bill-skarsgard'}, {'name': 'Jessica Chastain', 'url': '/person/83002-jessica-chastain'}, {'name': 'Bill Hader', 'url': '/person/19278-bill-hader'}, {'name': 'James McAvoy', 'url': '/person/5530-james-mcavoy'}, {'name': 'Isaiah Mustafa', 'url': '/person/1237603-isaiah-mustafa'}, {'name': 'Jay Ryan', 'url': '/person/223901-jay-ryan'}, {'name': 'James Ransone', 'url': '/person/5296-james-ransone'}, {'name': 'Andy Bean', 'url': '/person/1330888-andy-bean'}]","$79,000,000.00","[{'type': 'Horror', 'url': '/genre/27-horror/movie'}, {'type': 'Fantasy', 'url': '/genre/14-fantasy/movie'}]"
PG-13,"{'name': 'George Lucas', 'url': '/person/1-george-lucas'}","[{'name': 'Alden Ehrenreich', 'url': '/person/71375-alden-ehrenreich'}, {'name': 'Joonas Suotamo', 'url': '/person/1709041-joonas-suotamo'}, {'name': 'Woody Harrelson', 'url': '/person/57755-woody-harrelson'}, {'name': 'Emilia Clarke', 'url': '/person/1223786-emilia-clarke'}, {'name': 'Donald Glover', 'url': '/person/119589-donald-glover'}, {'name': 'Thandie Newton', 'url': '/person/9030-thandie-newton'}, {'name': 'Phoebe Waller-Bridge', 'url': '/person/1023483-phoebe-waller-bridge'}, {'name': 'Paul Bettany', 'url': '/person/6162-paul-bettany'}]","$250,000,000.00","[{'type': 'Adventure', 'url': '/genre/12-adventure/movie'}, {'type': 'Science Fiction', 'url': '/genre/878-science-fiction/movie'}]"
PG-13,"{'name': 'Gary Scott Thompson', 'url': '/person/8162-gary-scott-thompson'}","[{'name': 'Vin Diesel', 'url': '/person/12835-vin-diesel'}, {'name': 'Sung Kang', 'url': '/person/61697-sung-kang'}]",-,"[{'type': 'Action', 'url': '/genre/28-action/movie'}, {'type': 'Thriller', 'url': '/genre/53-thriller/movie'}]"
R,"{'name': 'Quentin Tarantino', 'url': '/person/138-quentin-tarantino'}","[{'name': 'Leonardo DiCaprio', 'url': '/person/6193-leonardo-dicaprio'}, {'name': 'Brad Pitt', 'url': '/person/287-brad-pitt'}, {'name': 'Margot Robbie', 'url': '/person/234352-margot-robbie'}, {'name': 'Emile Hirsch', 'url': '/person/46593-emile-hirsch'}, {'name': 'Margaret Qualley', 'url': '/person/1392137-margaret-qualley'}, {'name': 'Timothy Olyphant', 'url': '/person/18082-timothy-olyphant'}, {'name': 'Julia Butters', 'url': '/person/1651362-julia-butters'}, {'name': 'Austin Butler', 'url': '/person/86654-austin-butler'}]","$95,000,000.00","[{'type': 'Comedy', 'url': '/genre/35-comedy/movie'}, {'type': 'Drama', 'url': '/genre/18-drama/movie'}, {'type': 'Thriller', 'url': '/genre/53-thriller/movie'}]"
PG-13,"{'name': 'Joe Russo', 'url': '/person/19272-joe-russo'}","[{'name': 'Robert Downey Jr.', 'url': '/person/3223-robert-downey-jr'}, {'name': 'Chris Hemsworth', 'url': '/person/74568-chris-hemsworth'}, {'name': 'Chris Evans', 'url': '/person/16828-chris-evans'}, {'name': 'Scarlett Johansson', 'url': '/person/1245-scarlett-johansson'}, {'name': 'Benedict Cumberbatch', 'url': '/person/71580-benedict-cumberbatch'}, {'name': 'Tom Holland', 'url': '/person/1136406-tom-holland'}, {'name': 'Chadwick Boseman', 'url': '/person/172069-chadwick-boseman'}, {'name': 'Don Cheadle', 'url': '/person/1896-don-cheadle'}]","$300,000,000.00","[{'type': 'Adventure', 'url': '/genre/12-adventure/movie'}, {'type': 'Action', 'url': '/genre/28-action/movie'}, {'type': 'Science Fiction', 'url': '/genre/878-science-fiction/movie'}]"
PG,"{'name': 'Chris Sanders', 'url': '/person/66193-chris-sanders'}","[{'name': 'Harrison Ford', 'url': '/person/3-harrison-ford'}, {'name': 'Dan Stevens', 'url': '/person/221018-dan-stevens'}, {'name': 'Colin Woodell', 'url': '/person/1660946-colin-woodell'}, {'name': 'Karen Gillan', 'url': '/person/543261-karen-gillan'}, {'name': 'Omar Sy', 'url': '/person/78423-omar-sy'}, {'name': 'Raven Scott', 'url': '/person/2477008-raven-scott'}, {'name': 'Wes Brown', 'url': '/person/589182-wes-brown'}, {'name': 'Cara Gee', 'url': '/person/1197122-cara-gee'}]","$109,000,000.00","[{'type': 'Drama', 'url': '/genre/18-drama/movie'}, {'type': 'Adventure', 'url': '/genre/12-adventure/movie'}, {'type': 'Family', 'url': '/genre/10751-family/movie'}]"
PG-13,"{'name': 'Jeff Wadlow', 'url': '/person/55075-jeff-wadlow'}","[{'name': 'Michael Peña', 'url': '/person/454-michael-pena'}, {'name': 'Maggie Q', 'url': '/person/21045-maggie-q'}, {'name': 'Lucy Hale', 'url': '/person/205307-lucy-hale'}, {'name': 'Austin Stowell', 'url': '/person/970216-austin-stowell'}, {'name': 'Jimmy O. Yang', 'url': '/person/1468779-jimmy-o-yang'}, {'name': 'Portia Doubleday', 'url': '/person/117669-portia-doubleday'}, {'name': 'Ryan Hansen', 'url': '/person/78433-ryan-hansen'}, {'name': 'Michael Rooker', 'url': '/person/12132-michael-rooker'}]","$7,000,000.00","[{'type': 'Adventure', 'url': '/genre/12-adventure/movie'}, {'type': 'Fantasy', 'url': '/genre/14-fantasy/movie'}, {'type': 'Horror', 'url': '/genre/27-horror/movie'}, {'type': 'Mystery', 'url': '/genre/9648-mystery/movie'}]"
PG,"{'name': 'Greta Gerwig', 'url': '/person/45400-greta-gerwig'}","[{'name': 'Saoirse Ronan', 'url': '/person/36592-saoirse-ronan'}, {'name': 'Florence Pugh', 'url': '/person/1373737-florence-pugh'}, {'name': 'Emma Watson', 'url': '/person/10990-emma-watson'}, {'name': 'Eliza Scanlen', 'url': '/person/1669125-eliza-scanlen'}, {'name': 'Laura Dern', 'url': '/person/4784-laura-dern'}, {'name': 'Timothée Chalamet', 'url': '/person/1190668-timothee-chalamet'}, {'name': 'Meryl Streep', 'url': '/person/5064-meryl-streep'}, {'name': 'Tracy Letts', 'url': '/person/72638-tracy-letts'}]","$40,000,000.00","[{'type': 'Drama', 'url': '/genre/18-drama/movie'}, {'type': 'Romance', 'url': '/genre/10749-romance/movie'}]"
PG,"{'name': 'Marielle Heller', 'url': '/person/177532-marielle-heller'}","[{'name': 'Tom Hanks', 'url': '/person/31-tom-hanks'}, {'name': 'Matthew Rhys', 'url': '/person/29528-matthew-rhys'}, {'name': 'Chris Cooper', 'url': '/person/2955-chris-cooper'}, {'name': 'Susan Kelechi Watson', 'url': '/person/155228-susan-kelechi-watson'}, {'name': 'Maryann Plunkett', 'url': '/person/171472-maryann-plunkett'}, {'name': 'Enrico Colantoni', 'url': '/person/15029-enrico-colantoni'}, {'name': 'Wendy Makkena', 'url': '/person/20623-wendy-makkena'}, {'name': 'Tammy Blanchard', 'url': '/person/16859-tammy-blanchard'}]","$4,000,000.00","[{'type': 'Drama', 'url': '/genre/18-drama/movie'}]"
R,"{'name': 'Benny Safdie', 'url': '/person/227564-benny-safdie'}","[{'name': 'Adam Sandler', 'url': '/person/19292-adam-sandler'}, {'name': 'Julia Fox', 'url': '/person/2371446-julia-fox'}, {'name': 'Lakeith Stanfield', 'url': '/person/1200864-lakeith-stanfield'}, {'name': 'Idina Menzel', 'url': '/person/19394-idina-menzel'}, {'name': 'Kevin Garnett', 'url': '/person/1177652-kevin-garnett'}, {'name': 'Judd Hirsch', 'url': '/person/6167-judd-hirsch'}, {'name': 'Abel Tesfaye', 'url': '/person/1549008-abel-tesfaye'}, {'name': 'Tilda Swinton', 'url': '/person/3063-tilda-swinton'}]","$19,000,000.00","[{'type': 'Crime', 'url': '/genre/80-crime/movie'}, {'type': 'Thriller', 'url': '/genre/53-thriller/movie'}, {'type': 'Drama', 'url': '/genre/18-drama/movie'}]"
TV-MA,"{'name': 'Mike Tollin', 'url': '/person/53178-mike-tollin'}","[{'name': 'Michael Jordan', 'url': '/person/23678-michael-jordan'}, {'name': 'Scottie Pippen', 'url': '/person/124576-scottie-pippen'}, {'name': 'Dennis Rodman', 'url': '/person/21397-dennis-rodman'}, {'name': 'Steve Kerr', 'url': '/person/1533747-steve-kerr'}, {'name': 'John Paxson', 'url': '/person/2285787-john-paxson'}, {'name': 'David Stern', 'url': '/person/1358963-david-stern'}, {'name': 'Horace Grant', 'url': '/person/2613908-horace-grant'}, {'name': 'Jerry Reinsdorf', 'url': '/person/1771340-jerry-reinsdorf'}, {'name': 'Larry Bird', 'url': '/person/23682-larry-bird'}]",Miniseries,"[{'type': 'Documentary', 'url': '/genre/99-documentary/tv'}]"
TV-14,"{'name': 'Jon Favreau', 'url': '/person/15277-jon-favreau'}","[{'name': 'Pedro Pascal', 'url': '/person/1253360-pedro-pascal'}, {'name': 'Nick Nolte', 'url': '/person/1733-nick-nolte'}, {'name': 'Rio Hackford', 'url': '/person/62787-rio-hackford'}, {'name': 'Misty Rosas', 'url': '/person/95747-misty-rosas'}, {'name': 'Taika Waititi', 'url': '/person/55934-taika-waititi'}, {'name': 'Gina Carano', 'url': '/person/78452-gina-carano'}, {'name': 'Emily Swallow', 'url': '/person/1256020-emily-swallow'}, {'name': 'Dominic Pace', 'url': '/person/1215981-dominic-pace'}, {'name': 'Alexandra Manea', 'url': '/person/2477245-alexandra-manea'}]",Scripted,"[{'type': 'Sci-Fi & Fantasy', 'url': '/genre/10765-sci-fi-fantasy/tv'}, {'type': 'Action & Adventure', 'url': '/genre/10759-action-adventure/tv'}, {'type': 'Western', 'url': '/genre/37-western/tv'}]"
TV-MA,"{'name': 'Sam Levinson', 'url': '/person/96172-sam-levinson'}","[{'name': 'Zendaya', 'url': '/person/505710-zendaya'}, {'name': 'Hunter Schafer', 'url': '/person/2340180-hunter-schafer'}, {'name': 'Jacob Elordi', 'url': '/person/2034418-jacob-elordi'}, {'name': 'Barbie Ferreira', 'url': '/person/2340185-barbie-ferreira'}, {'name': 'Maude Apatow', 'url': '/person/41090-maude-apatow'}, {'name': 'Eric Dane', 'url': '/person/58115-eric-dane'}, {'name': 'Angus Cloud', 'url': '/person/2352372-angus-cloud'}, {'name': 'Alexa Demie', 'url': '/person/1497557-alexa-demie'}, {'name': 'Nika King', 'url': '/person/2330171-nika-king'}]",Scripted,"[{'type': 'Drama', 'url': '/genre/18-drama/tv'}]"
TV-MA,"{'name': 'Damon Lindelof', 'url': '/person/28974-damon-lindelof'}","[{'name': 'Regina King', 'url': '/person/9788-regina-king'}, {'name': 'Yahya Abdul-Mateen II', 'url': '/person/1639847-yahya-abdul-mateen-ii'}, {'name': 'Jeremy Irons', 'url': '/person/16940-jeremy-irons'}, {'name': 'Tom Mison', 'url': '/person/75073-tom-mison'}, {'name': 'Sara Vickers', 'url': '/person/1447224-sara-vickers'}, {'name': 'Louis Gossett Jr.', 'url': '/person/20959-louis-gossett-jr'}, {'name': 'Andrew Howard', 'url': '/person/67206-andrew-howard'}, {'name': 'Adelynn Spoon', 'url': '/person/2437734-adelynn-spoon'}, {'name': 'Lily Rose Smith', 'url': '/person/2437733-lily-rose-smith'}]",Miniseries,"[{'type': 'Crime', 'url': '/genre/80-crime/tv'}, {'type': 'Drama', 'url': '/genre/18-drama/tv'}, {'type': 'Action & Adventure', 'url': '/genre/10759-action-adventure/tv'}, {'type': 'Sci-Fi & Fantasy', 'url': '/genre/10765-sci-fi-fantasy/tv'}]"
